[{"trial_id": "2", "score": 0.9817813634872437, "embedding_dim": 48, "lstm_units": 80, "num_layers": 1, "dense_units": 80, "dropout_rate": 0.30000000000000004, "learning_rate": 0.001, "tuner/epochs": 2, "tuner/initial_epoch": 0, "tuner/bracket": 1, "tuner/round": 0}, {"trial_id": "1", "score": 0.9811066389083862, "embedding_dim": 48, "lstm_units": 96, "num_layers": 3, "dense_units": 16, "dropout_rate": 0.30000000000000004, "learning_rate": 0.001, "tuner/epochs": 2, "tuner/initial_epoch": 0, "tuner/bracket": 1, "tuner/round": 0}, {"trial_id": "0", "score": 0.9689608812332153, "embedding_dim": 16, "lstm_units": 64, "num_layers": 3, "dense_units": 128, "dropout_rate": 0.4, "learning_rate": 0.001, "tuner/epochs": 2, "tuner/initial_epoch": 0, "tuner/bracket": 1, "tuner/round": 0}]