{"ongoing_trials": {}, "hyperparameters": {"space": [{"class_name": "Int", "config": {"name": "embedding_dim", "default": null, "conditions": [], "min_value": 16, "max_value": 128, "step": 16, "sampling": null}}, {"class_name": "Int", "config": {"name": "lstm_units", "default": null, "conditions": [], "min_value": 16, "max_value": 128, "step": 16, "sampling": null}}, {"class_name": "Choice", "config": {"name": "num_layers", "default": 1, "conditions": [], "values": [1, 2, 3], "ordered": true}}, {"class_name": "Int", "config": {"name": "dense_units", "default": null, "conditions": [], "min_value": 16, "max_value": 128, "step": 16, "sampling": null}}, {"class_name": "Float", "config": {"name": "dropout_rate", "default": 0.1, "conditions": [], "min_value": 0.1, "max_value": 0.5, "step": 0.1, "sampling": null}}, {"class_name": "Choice", "config": {"name": "learning_rate", "default": 0.1, "conditions": [], "values": [0.1, 0.01, 0.001], "ordered": true}}], "values": {"embedding_dim": 16, "lstm_units": 16, "num_layers": 1, "dense_units": 16, "dropout_rate": 0.1, "learning_rate": 0.1}}, "seed": 6545, "seed_state": 6563, "tried_so_far": ["893726d1dfa88076a3a58668ebe9e6b1", "60517aee641393803c44e5824df11b63", "49cc1acc4df3ef87a5d4acbce3b4f4d6"], "hyperband_iterations": 1, "max_epochs": 5, "min_epochs": 1, "factor": 3, "brackets": [{"bracket_num": 1, "rounds": [[{"past_id": null, "id": "0"}, {"past_id": null, "id": "1"}, {"past_id": null, "id": "2"}], []]}], "current_bracket": 1, "current_iteration": 0}