{"trial_id": "0000", "hyperparameters": {"space": [{"class_name": "Int", "config": {"name": "embedding_dim", "default": null, "conditions": [], "min_value": 16, "max_value": 128, "step": 16, "sampling": null}}, {"class_name": "Int", "config": {"name": "lstm_units", "default": null, "conditions": [], "min_value": 16, "max_value": 128, "step": 16, "sampling": null}}, {"class_name": "Choice", "config": {"name": "num_layers", "default": 1, "conditions": [], "values": [1, 2, 3], "ordered": true}}, {"class_name": "Int", "config": {"name": "dense_units", "default": null, "conditions": [], "min_value": 16, "max_value": 128, "step": 16, "sampling": null}}, {"class_name": "Float", "config": {"name": "dropout_rate", "default": 0.1, "conditions": [], "min_value": 0.1, "max_value": 0.5, "step": 0.1, "sampling": null}}, {"class_name": "Choice", "config": {"name": "learning_rate", "default": 0.1, "conditions": [], "values": [0.1, 0.01, 0.001], "ordered": true}}], "values": {"embedding_dim": 64, "lstm_units": 32, "num_layers": 3, "dense_units": 96, "dropout_rate": 0.4, "learning_rate": 0.001, "tuner/epochs": 2, "tuner/initial_epoch": 0, "tuner/bracket": 1, "tuner/round": 0}}, "metrics": {"metrics": {"loss": {"direction": "min", "observations": [{"value": [0.0030345909763127565], "step": 1}]}, "binary_accuracy": {"direction": "max", "observations": [{"value": [0.9991933703422546], "step": 1}]}, "val_loss": {"direction": "min", "observations": [{"value": [0.20140273869037628], "step": 1}]}, "val_binary_accuracy": {"direction": "max", "observations": [{"value": [0.97773277759552], "step": 1}]}}}, "score": 0.97773277759552, "best_step": 1, "status": "COMPLETED"}