{"trial_id": "0", "hyperparameters": {"space": [{"class_name": "Int", "config": {"name": "embedding_dim", "default": null, "conditions": [], "min_value": 16, "max_value": 128, "step": 16, "sampling": null}}, {"class_name": "Int", "config": {"name": "lstm_units", "default": null, "conditions": [], "min_value": 16, "max_value": 128, "step": 16, "sampling": null}}, {"class_name": "Choice", "config": {"name": "num_layers", "default": 1, "conditions": [], "values": [1, 2, 3], "ordered": true}}, {"class_name": "Int", "config": {"name": "dense_units", "default": null, "conditions": [], "min_value": 16, "max_value": 128, "step": 16, "sampling": null}}, {"class_name": "Float", "config": {"name": "dropout_rate", "default": 0.1, "conditions": [], "min_value": 0.1, "max_value": 0.5, "step": 0.1, "sampling": null}}, {"class_name": "Choice", "config": {"name": "learning_rate", "default": 0.1, "conditions": [], "values": [0.1, 0.01, 0.001], "ordered": true}}], "values": {"embedding_dim": 16, "lstm_units": 64, "num_layers": 3, "dense_units": 128, "dropout_rate": 0.4, "learning_rate": 0.001, "tuner/epochs": 2, "tuner/initial_epoch": 0, "tuner/bracket": 1, "tuner/round": 0}}, "metrics": {"metrics": {"loss": {"direction": "min", "observations": [{"value": [0.08968303352594376], "step": 0}]}, "binary_accuracy": {"direction": "max", "observations": [{"value": [0.973893940448761], "step": 0}]}, "val_loss": {"direction": "min", "observations": [{"value": [0.17424632608890533], "step": 0}]}, "val_binary_accuracy": {"direction": "max", "observations": [{"value": [0.9689608812332153], "step": 0}]}}}, "score": 0.9689608812332153, "best_step": 0, "status": "COMPLETED"}